<?xml version="1.0" encoding="UTF-8"?>
<metadata xml:lang="en"><Esri><CreaDate>20250305</CreaDate><CreaTime>12142700</CreaTime><ArcGISFormat>1.0</ArcGISFormat><SyncOnce>FALSE</SyncOnce><DataProperties><itemProps><itemName Sync="TRUE">metroRail_2023</itemName><imsContentType Sync="TRUE">002</imsContentType><itemSize Sync="TRUE">0.000</itemSize><itemLocation><linkage Sync="TRUE">file://\\DESKTOP-AH0MQCJ\C$\Users\cgiam\Downloads\AllMetroRail\metroRail_2023.shp</linkage><protocol Sync="TRUE">Local Area Network</protocol></itemLocation></itemProps><coordRef><type Sync="TRUE">Geographic</type><geogcsn Sync="TRUE">GCS_WGS_1984</geogcsn><csUnits Sync="TRUE">Angular Unit: Degree (0.017453)</csUnits><peXml Sync="TRUE">&lt;GeographicCoordinateSystem xsi:type='typens:GeographicCoordinateSystem' xmlns:xsi='http://www.w3.org/2001/XMLSchema-instance' xmlns:xs='http://www.w3.org/2001/XMLSchema' xmlns:typens='http://www.esri.com/schemas/ArcGIS/3.1.0'&gt;&lt;WKT&gt;GEOGCS[&amp;quot;GCS_WGS_1984&amp;quot;,DATUM[&amp;quot;D_WGS_1984&amp;quot;,SPHEROID[&amp;quot;WGS_1984&amp;quot;,6378137.0,298.257223563]],PRIMEM[&amp;quot;Greenwich&amp;quot;,0.0],UNIT[&amp;quot;Degree&amp;quot;,0.0174532925199433],AUTHORITY[&amp;quot;EPSG&amp;quot;,4326]]&lt;/WKT&gt;&lt;XOrigin&gt;-400&lt;/XOrigin&gt;&lt;YOrigin&gt;-400&lt;/YOrigin&gt;&lt;XYScale&gt;11258999068426.238&lt;/XYScale&gt;&lt;ZOrigin&gt;-100000&lt;/ZOrigin&gt;&lt;ZScale&gt;10000&lt;/ZScale&gt;&lt;MOrigin&gt;-100000&lt;/MOrigin&gt;&lt;MScale&gt;10000&lt;/MScale&gt;&lt;XYTolerance&gt;8.983152841195215e-09&lt;/XYTolerance&gt;&lt;ZTolerance&gt;0.001&lt;/ZTolerance&gt;&lt;MTolerance&gt;0.001&lt;/MTolerance&gt;&lt;HighPrecision&gt;true&lt;/HighPrecision&gt;&lt;LeftLongitude&gt;-180&lt;/LeftLongitude&gt;&lt;WKID&gt;4326&lt;/WKID&gt;&lt;LatestWKID&gt;4326&lt;/LatestWKID&gt;&lt;/GeographicCoordinateSystem&gt;</peXml></coordRef><lineage><Process ToolSource="c:\program files\arcgis\pro\Resources\ArcToolbox\toolboxes\Data Management Tools.tbx\Merge" Date="20250305" Time="121428">Merge RedPurpleLine0316;GreenLine0316;230711_All_K-Line_Stations;230711_All_E-Line_Stations_Post_RC;230711_All_A-Line_Stations_Post_RC C:\Users\cgiam\Downloads\AllMetroRail\metroRail_2023.shp "LINE "LINE" true true false 10 Text 0 0,First,#,RedPurpleLine0316,LINE,0,10,GreenLine0316,LINE,0,10;LINENUM "LINENUM" true true false 12 Double 0 12,First,#,RedPurpleLine0316,LINENUM,-1,-1,GreenLine0316,LINENUM,-1,-1;LINENUM2 "LINENUM2" true true false 12 Double 0 12,First,#,RedPurpleLine0316,LINENUM2,-1,-1,GreenLine0316,LINENUM2,-1,-1;STNSEQ "STNSEQ" true true false 12 Double 0 12,First,#,RedPurpleLine0316,STNSEQ,-1,-1,GreenLine0316,STNSEQ,-1,-1;STNSEQ2 "STNSEQ2" true true false 12 Double 0 12,First,#,RedPurpleLine0316,STNSEQ2,-1,-1,GreenLine0316,STNSEQ2,-1,-1;DIR "DIR" true true false 9 Text 0 0,First,#,RedPurpleLine0316,DIR,0,9,GreenLine0316,DIR,0,9;STOPNUM "STOPNUM" true true false 8 Long 0 8,First,#,RedPurpleLine0316,STOPNUM,-1,-1,GreenLine0316,STOPNUM,-1,-1;STATION "STATION" true true false 63 Text 0 0,First,#,RedPurpleLine0316,STATION,0,63,GreenLine0316,STATION,0,63;LAT "LAT" true true false 15 Double 6 14,First,#,RedPurpleLine0316,LAT,-1,-1,GreenLine0316,LAT,-1,-1;LONG "LONG" true true false 15 Double 6 14,First,#,RedPurpleLine0316,LONG,-1,-1,GreenLine0316,LONG,-1,-1;TPIS_NAME "TPIS_NAME" true true false 12 Text 0 0,First,#,RedPurpleLine0316,TPIS_NAME,0,12,GreenLine0316,TPIS_NAME,0,12;POINT_X "POINT_X" true true false 19 Double 11 18,First,#,RedPurpleLine0316,POINT_X,-1,-1,GreenLine0316,POINT_X,-1,-1;POINT_Y "POINT_Y" true true false 19 Double 11 18,First,#,RedPurpleLine0316,POINT_Y,-1,-1,GreenLine0316,POINT_Y,-1,-1;STOP_ID "STOP_ID" true true false 10 Text 0 0,First,#,230711_All_K-Line_Stations,STOP_ID,0,10,230711_All_E-Line_Stations_Post_RC,STOP_ID,0,10,230711_All_A-Line_Stations_Post_RC,STOP_ID,0,10;STOP_NAME "STOP_NAME" true true false 68 Text 0 0,First,#,230711_All_K-Line_Stations,STOP_NAME,0,68,230711_All_E-Line_Stations_Post_RC,STOP_NAME,0,68,230711_All_A-Line_Stations_Post_RC,STOP_NAME,0,68;STOP_LAT "STOP_LAT" true true false 18 Double 6 17,First,#,230711_All_K-Line_Stations,STOP_LAT,-1,-1,230711_All_E-Line_Stations_Post_RC,STOP_LAT,-1,-1,230711_All_A-Line_Stations_Post_RC,STOP_LAT,-1,-1;STOP_LON "STOP_LON" true true false 19 Double 6 18,First,#,230711_All_K-Line_Stations,STOP_LON,-1,-1,230711_All_E-Line_Stations_Post_RC,STOP_LON,-1,-1,230711_All_A-Line_Stations_Post_RC,STOP_LON,-1,-1" NO_SOURCE_INFO</Process><Process ToolSource="c:\program files\arcgis\pro\Resources\ArcToolbox\toolboxes\Data Management Tools.tbx\CalculateField" Date="20250305" Time="121504">CalculateField metroRail_2023 STATION !STOP_NAME! "Python 3" # Text NO_ENFORCE_DOMAINS</Process><Process ToolSource="c:\program files\arcgis\pro\Resources\ArcToolbox\toolboxes\Data Management Tools.tbx\CalculateGeometryAttributes" Date="20250305" Time="121904">CalculateGeometryAttributes metroRail_2023 "LAT POINT_X;LONG POINT_Y" # # # "Same as input"</Process><Process ToolSource="c:\program files\arcgis\pro\Resources\ArcToolbox\toolboxes\Data Management Tools.tbx\DeleteField" Date="20250305" Time="121951">DeleteField metroRail_2023 LINENUM;LINENUM2;STNSEQ;STNSEQ2;DIR;STOPNUM;LAT;LONG;TPIS_NAME;POINT_X;POINT_Y;STOP_ID;STOP_NAME;STOP_LAT;STOP_LON "Delete Fields"</Process><Process ToolSource="c:\program files\arcgis\pro\Resources\ArcToolbox\toolboxes\Data Management Tools.tbx\UpdateSchema" Date="20250305" Time="122030">UpdateSchema "CIMDATA=&lt;CIMStandardDataConnection xsi:type='typens:CIMStandardDataConnection' xmlns:xsi='http://www.w3.org/2001/XMLSchema-instance' xmlns:xs='http://www.w3.org/2001/XMLSchema' xmlns:typens='http://www.esri.com/schemas/ArcGIS/3.1.0'&gt;&lt;WorkspaceConnectionString&gt;DATABASE=C:\Users\cgiam\Downloads\AllMetroRail&lt;/WorkspaceConnectionString&gt;&lt;WorkspaceFactory&gt;Shapefile&lt;/WorkspaceFactory&gt;&lt;Dataset&gt;metroRail_2023&lt;/Dataset&gt;&lt;DatasetType&gt;esriDTFeatureClass&lt;/DatasetType&gt;&lt;/CIMStandardDataConnection&gt;" &lt;operationSequence&gt;&lt;workflow&gt;&lt;AddField&gt;&lt;field_name&gt;LAT&lt;/field_name&gt;&lt;field_type&gt;DOUBLE&lt;/field_type&gt;&lt;field_is_nullable&gt;False&lt;/field_is_nullable&gt;&lt;field_is_required&gt;False&lt;/field_is_required&gt;&lt;/AddField&gt;&lt;/workflow&gt;&lt;workflow&gt;&lt;AddField&gt;&lt;field_name&gt;LON&lt;/field_name&gt;&lt;field_type&gt;DOUBLE&lt;/field_type&gt;&lt;field_is_nullable&gt;False&lt;/field_is_nullable&gt;&lt;field_is_required&gt;False&lt;/field_is_required&gt;&lt;/AddField&gt;&lt;/workflow&gt;&lt;/operationSequence&gt;</Process><Process ToolSource="c:\program files\arcgis\pro\Resources\ArcToolbox\toolboxes\Data Management Tools.tbx\CalculateGeometryAttributes" Date="20250305" Time="122047">CalculateGeometryAttributes metroRail_2023 "LAT POINT_X" # # GEOGCS["GCS_WGS_1984",DATUM["D_WGS_1984",SPHEROID["WGS_1984",6378137.0,298.257223563]],PRIMEM["Greenwich",0.0],UNIT["Degree",0.0174532925199433]] "Same as input"</Process><Process ToolSource="c:\program files\arcgis\pro\Resources\ArcToolbox\toolboxes\Data Management Tools.tbx\CalculateGeometryAttributes" Date="20250305" Time="122109">CalculateGeometryAttributes metroRail_2023 "LAT POINT_X" # # GEOGCS["GCS_WGS_1984",DATUM["D_WGS_1984",SPHEROID["WGS_1984",6378137.0,298.257223563]],PRIMEM["Greenwich",0.0],UNIT["Degree",0.0174532925199433]] "Decimal Degrees"</Process><Process ToolSource="c:\program files\arcgis\pro\Resources\ArcToolbox\toolboxes\Data Management Tools.tbx\CalculateGeometryAttributes" Date="20250305" Time="122136">CalculateGeometryAttributes metroRail_2023 "LAT POINT_X" # # GEOGCS["GCS_WGS_1984",DATUM["D_WGS_1984",SPHEROID["WGS_1984",6378137.0,298.257223563]],PRIMEM["Greenwich",0.0],UNIT["Degree",0.0174532925199433]] "Decimal Degrees"</Process><Process ToolSource="c:\program files\arcgis\pro\Resources\ArcToolbox\toolboxes\Data Management Tools.tbx\CalculateGeometryAttributes" Date="20250305" Time="122144">CalculateGeometryAttributes metroRail_2023 "LAT POINT_Y" # # GEOGCS["GCS_WGS_1984",DATUM["D_WGS_1984",SPHEROID["WGS_1984",6378137.0,298.257223563]],PRIMEM["Greenwich",0.0],UNIT["Degree",0.0174532925199433]] "Decimal Degrees"</Process><Process ToolSource="c:\program files\arcgis\pro\Resources\ArcToolbox\toolboxes\Data Management Tools.tbx\CalculateGeometryAttributes" Date="20250305" Time="122157">CalculateGeometryAttributes metroRail_2023 "LON POINT_X" # # GEOGCS["GCS_WGS_1984",DATUM["D_WGS_1984",SPHEROID["WGS_1984",6378137.0,298.257223563]],PRIMEM["Greenwich",0.0],UNIT["Degree",0.0174532925199433]] "Decimal Degrees"</Process></lineage></DataProperties><SyncDate>20250305</SyncDate><SyncTime>12142800</SyncTime><ModDate>20250305</ModDate><ModTime>12142800</ModTime></Esri><dataIdInfo><envirDesc Sync="TRUE">Microsoft Windows 10 Version 10.0 (Build 26100) ; Esri ArcGIS 13.1.3.41833</envirDesc><dataLang><languageCode value="eng" Sync="TRUE"></languageCode><countryCode value="USA" Sync="TRUE"></countryCode></dataLang><idCitation><resTitle Sync="TRUE">metroRail_2023</resTitle><presForm><PresFormCd value="005" Sync="TRUE"></PresFormCd></presForm></idCitation><spatRpType><SpatRepTypCd value="001" Sync="TRUE"></SpatRepTypCd></spatRpType></dataIdInfo><mdLang><languageCode value="eng" Sync="TRUE"></languageCode><countryCode value="USA" Sync="TRUE"></countryCode></mdLang><mdChar><CharSetCd value="004" Sync="TRUE"></CharSetCd></mdChar><distInfo><distFormat><formatName Sync="TRUE">Shapefile</formatName></distFormat><distTranOps><transSize Sync="TRUE">0.000</transSize></distTranOps></distInfo><mdHrLv><ScopeCd value="005" Sync="TRUE"></ScopeCd></mdHrLv><mdHrLvName Sync="TRUE">dataset</mdHrLvName><refSysInfo><RefSystem><refSysID><identCode code="4326" Sync="TRUE"></identCode><idCodeSpace Sync="TRUE">EPSG</idCodeSpace><idVersion Sync="TRUE">6.2(3.0.1)</idVersion></refSysID></RefSystem></refSysInfo><spatRepInfo><VectSpatRep><geometObjs Name="metroRail_2023"><geoObjTyp><GeoObjTypCd value="004" Sync="TRUE"></GeoObjTypCd></geoObjTyp><geoObjCnt Sync="TRUE">0</geoObjCnt></geometObjs><topLvl><TopoLevCd value="001" Sync="TRUE"></TopoLevCd></topLvl></VectSpatRep></spatRepInfo><spdoinfo><ptvctinf><esriterm Name="metroRail_2023"><efeatyp Sync="TRUE">Simple</efeatyp><efeageom code="1" Sync="TRUE"></efeageom><esritopo Sync="TRUE">FALSE</esritopo><efeacnt Sync="TRUE">0</efeacnt><spindex Sync="TRUE">FALSE</spindex><linrefer Sync="TRUE">FALSE</linrefer></esriterm></ptvctinf></spdoinfo><eainfo><detailed Name="metroRail_2023"><enttyp><enttypl Sync="TRUE">metroRail_2023</enttypl><enttypt Sync="TRUE">Feature Class</enttypt><enttypc Sync="TRUE">0</enttypc></enttyp><attr><attrlabl Sync="TRUE">FID</attrlabl><attalias Sync="TRUE">FID</attalias><attrtype Sync="TRUE">OID</attrtype><attwidth Sync="TRUE">4</attwidth><atprecis Sync="TRUE">0</atprecis><attscale Sync="TRUE">0</attscale><attrdef Sync="TRUE">Internal feature number.</attrdef><attrdefs Sync="TRUE">Esri</attrdefs><attrdomv><udom Sync="TRUE">Sequential unique whole numbers that are automatically generated.</udom></attrdomv></attr><attr><attrlabl Sync="TRUE">Shape</attrlabl><attalias Sync="TRUE">Shape</attalias><attrtype Sync="TRUE">Geometry</attrtype><attwidth Sync="TRUE">0</attwidth><atprecis Sync="TRUE">0</atprecis><attscale Sync="TRUE">0</attscale><attrdef Sync="TRUE">Feature geometry.</attrdef><attrdefs Sync="TRUE">Esri</attrdefs><attrdomv><udom Sync="TRUE">Coordinates defining the features.</udom></attrdomv></attr><attr><attrlabl Sync="TRUE">LINE</attrlabl><attalias Sync="TRUE">LINE</attalias><attrtype Sync="TRUE">String</attrtype><attwidth Sync="TRUE">10</attwidth><atprecis Sync="TRUE">0</atprecis><attscale Sync="TRUE">0</attscale></attr><attr><attrlabl Sync="TRUE">LINENUM</attrlabl><attalias Sync="TRUE">LINENUM</attalias><attrtype Sync="TRUE">Double</attrtype><attwidth Sync="TRUE">12</attwidth><atprecis Sync="TRUE">12</atprecis><attscale Sync="TRUE">0</attscale></attr><attr><attrlabl Sync="TRUE">LINENUM2</attrlabl><attalias Sync="TRUE">LINENUM2</attalias><attrtype Sync="TRUE">Double</attrtype><attwidth Sync="TRUE">12</attwidth><atprecis Sync="TRUE">12</atprecis><attscale Sync="TRUE">0</attscale></attr><attr><attrlabl Sync="TRUE">STNSEQ</attrlabl><attalias Sync="TRUE">STNSEQ</attalias><attrtype Sync="TRUE">Double</attrtype><attwidth Sync="TRUE">12</attwidth><atprecis Sync="TRUE">12</atprecis><attscale Sync="TRUE">0</attscale></attr><attr><attrlabl Sync="TRUE">STNSEQ2</attrlabl><attalias Sync="TRUE">STNSEQ2</attalias><attrtype Sync="TRUE">Double</attrtype><attwidth Sync="TRUE">12</attwidth><atprecis Sync="TRUE">12</atprecis><attscale Sync="TRUE">0</attscale></attr><attr><attrlabl Sync="TRUE">DIR</attrlabl><attalias Sync="TRUE">DIR</attalias><attrtype Sync="TRUE">String</attrtype><attwidth Sync="TRUE">9</attwidth><atprecis Sync="TRUE">0</atprecis><attscale Sync="TRUE">0</attscale></attr><attr><attrlabl Sync="TRUE">STOPNUM</attrlabl><attalias Sync="TRUE">STOPNUM</attalias><attrtype Sync="TRUE">Integer</attrtype><attwidth Sync="TRUE">8</attwidth><atprecis Sync="TRUE">8</atprecis><attscale Sync="TRUE">0</attscale></attr><attr><attrlabl Sync="TRUE">STATION</attrlabl><attalias Sync="TRUE">STATION</attalias><attrtype Sync="TRUE">String</attrtype><attwidth Sync="TRUE">63</attwidth><atprecis Sync="TRUE">0</atprecis><attscale Sync="TRUE">0</attscale></attr><attr><attrlabl Sync="TRUE">LAT</attrlabl><attalias Sync="TRUE">LAT</attalias><attrtype Sync="TRUE">Double</attrtype><attwidth Sync="TRUE">15</attwidth><atprecis Sync="TRUE">14</atprecis><attscale Sync="TRUE">6</attscale></attr><attr><attrlabl Sync="TRUE">LONG</attrlabl><attalias Sync="TRUE">LONG</attalias><attrtype Sync="TRUE">Double</attrtype><attwidth Sync="TRUE">15</attwidth><atprecis Sync="TRUE">14</atprecis><attscale Sync="TRUE">6</attscale></attr><attr><attrlabl Sync="TRUE">TPIS_NAME</attrlabl><attalias Sync="TRUE">TPIS_NAME</attalias><attrtype Sync="TRUE">String</attrtype><attwidth Sync="TRUE">12</attwidth><atprecis Sync="TRUE">0</atprecis><attscale Sync="TRUE">0</attscale></attr><attr><attrlabl Sync="TRUE">POINT_X</attrlabl><attalias Sync="TRUE">POINT_X</attalias><attrtype Sync="TRUE">Double</attrtype><attwidth Sync="TRUE">19</attwidth><atprecis Sync="TRUE">18</atprecis><attscale Sync="TRUE">11</attscale></attr><attr><attrlabl Sync="TRUE">POINT_Y</attrlabl><attalias Sync="TRUE">POINT_Y</attalias><attrtype Sync="TRUE">Double</attrtype><attwidth Sync="TRUE">19</attwidth><atprecis Sync="TRUE">18</atprecis><attscale Sync="TRUE">11</attscale></attr><attr><attrlabl Sync="TRUE">STOP_ID</attrlabl><attalias Sync="TRUE">STOP_ID</attalias><attrtype Sync="TRUE">String</attrtype><attwidth Sync="TRUE">10</attwidth><atprecis Sync="TRUE">0</atprecis><attscale Sync="TRUE">0</attscale></attr><attr><attrlabl Sync="TRUE">STOP_NAME</attrlabl><attalias Sync="TRUE">STOP_NAME</attalias><attrtype Sync="TRUE">String</attrtype><attwidth Sync="TRUE">68</attwidth><atprecis Sync="TRUE">0</atprecis><attscale Sync="TRUE">0</attscale></attr><attr><attrlabl Sync="TRUE">STOP_LAT</attrlabl><attalias Sync="TRUE">STOP_LAT</attalias><attrtype Sync="TRUE">Double</attrtype><attwidth Sync="TRUE">18</attwidth><atprecis Sync="TRUE">17</atprecis><attscale Sync="TRUE">6</attscale></attr><attr><attrlabl Sync="TRUE">STOP_LON</attrlabl><attalias Sync="TRUE">STOP_LON</attalias><attrtype Sync="TRUE">Double</attrtype><attwidth Sync="TRUE">19</attwidth><atprecis Sync="TRUE">18</atprecis><attscale Sync="TRUE">6</attscale></attr></detailed></eainfo><mdDateSt Sync="TRUE">20250305</mdDateSt></metadata>
