<?xml version="1.0" encoding="UTF-8"?>
<metadata xml:lang="en"><Esri><CreaDate>20250325</CreaDate><CreaTime>23180400</CreaTime><ArcGISFormat>1.0</ArcGISFormat><SyncOnce>TRUE</SyncOnce></Esri><dataIdInfo><idCitation><resTitle>Population Below Poverty Level</resTitle></idCitation><searchKeys><keyword>poverty</keyword><keyword>income</keyword><keyword>acs</keyword><keyword>ardi</keyword><keyword>arpa</keyword></searchKeys><idPurp>Count and Percent below federal poverty level (fpl) and below 200 percent fpl. 2020 5-Yr ACS</idPurp><idAbs/><idCredit>ACS, LA County ISD</idCredit><resConst><Consts><useLimit/></Consts></resConst></dataIdInfo></metadata>
